<?xml version="1.0" encoding="UTF-8"?><module codename="org.netbeans.modules.editor.mimelookup/1">
    <module_version install_time="1416338349112" last="true" origin="installer" specification_version="1.36.1">
        <file crc="244035803" name="config/Modules/org-netbeans-modules-editor-mimelookup.xml"/>
        <file crc="1136055423" name="modules/locale/org-netbeans-modules-editor-mimelookup_ja.jar"/>
        <file crc="42723506" name="modules/locale/org-netbeans-modules-editor-mimelookup_pt_BR.jar"/>
        <file crc="2646926399" name="modules/locale/org-netbeans-modules-editor-mimelookup_ru.jar"/>
        <file crc="709333251" name="modules/locale/org-netbeans-modules-editor-mimelookup_zh_CN.jar"/>
        <file crc="891459509" name="modules/org-netbeans-modules-editor-mimelookup.jar"/>
    </module_version>
</module>
