<?xml version="1.0" encoding="UTF-8"?><module codename="org.netbeans.core.netigso">
    <module_version install_time="1416338636756" last="true" origin="installer" specification_version="1.27.1">
        <file crc="3723901005" name="config/Modules/org-netbeans-core-netigso.xml"/>
        <file crc="131790105" name="modules/locale/org-netbeans-core-netigso_ja.jar"/>
        <file crc="1518085072" name="modules/locale/org-netbeans-core-netigso_pt_BR.jar"/>
        <file crc="3666960714" name="modules/locale/org-netbeans-core-netigso_ru.jar"/>
        <file crc="961288833" name="modules/locale/org-netbeans-core-netigso_zh_CN.jar"/>
        <file crc="2690970474" name="modules/org-netbeans-core-netigso.jar"/>
    </module_version>
</module>
