<?xml version="1.0" encoding="UTF-8"?><module codename="org.netbeans.modules.queries/1">
    <module_version install_time="1416338246099" last="true" origin="installer" specification_version="1.39.1">
        <file crc="28992633" name="config/ModuleAutoDeps/org-netbeans-modules-queries.xml"/>
        <file crc="4168841736" name="config/Modules/org-netbeans-modules-queries.xml"/>
        <file crc="302468938" name="modules/locale/org-netbeans-modules-queries_ja.jar"/>
        <file crc="690757442" name="modules/locale/org-netbeans-modules-queries_pt_BR.jar"/>
        <file crc="2726279765" name="modules/locale/org-netbeans-modules-queries_ru.jar"/>
        <file crc="1591584743" name="modules/locale/org-netbeans-modules-queries_zh_CN.jar"/>
        <file crc="1158434347" name="modules/org-netbeans-modules-queries.jar"/>
    </module_version>
</module>
