<?xml version="1.0" encoding="UTF-8"?><module codename="org.netbeans.modules.keyring.fallback">
    <module_version install_time="1416338215815" last="true" origin="installer" specification_version="1.4.1">
        <file crc="1307470414" name="config/Modules/org-netbeans-modules-keyring-fallback.xml"/>
        <file crc="3025188485" name="modules/locale/org-netbeans-modules-keyring-fallback_ja.jar"/>
        <file crc="1914971806" name="modules/locale/org-netbeans-modules-keyring-fallback_pt_BR.jar"/>
        <file crc="3142609579" name="modules/locale/org-netbeans-modules-keyring-fallback_ru.jar"/>
        <file crc="322619598" name="modules/locale/org-netbeans-modules-keyring-fallback_zh_CN.jar"/>
        <file crc="1683886070" name="modules/org-netbeans-modules-keyring-fallback.jar"/>
    </module_version>
</module>
