<?xml version="1.0" encoding="UTF-8"?><module codename="org.openide.modules">
    <module_version install_time="1416338031600" last="true" origin="installer" specification_version="7.43.1">
        <file crc="1391508081" name="config/ModuleAutoDeps/org-openide-modules.xml"/>
        <file crc="3707574155" name="lib/locale/org-openide-modules_ja.jar"/>
        <file crc="3366942594" name="lib/locale/org-openide-modules_pt_BR.jar"/>
        <file crc="4104244605" name="lib/locale/org-openide-modules_ru.jar"/>
        <file crc="2634902495" name="lib/locale/org-openide-modules_zh_CN.jar"/>
        <file crc="1993966937" name="lib/org-openide-modules.jar"/>
    </module_version>
</module>
