<?xml version="1.0" encoding="UTF-8"?><module codename="org.netbeans.modules.options.keymap">
    <module_version install_time="1416339502302" last="true" origin="installer" specification_version="1.31.1">
        <file crc="2363851279" name="config/Modules/org-netbeans-modules-options-keymap.xml"/>
        <file crc="1330524405" name="modules/locale/org-netbeans-modules-options-keymap_ja.jar"/>
        <file crc="2571718053" name="modules/locale/org-netbeans-modules-options-keymap_pt_BR.jar"/>
        <file crc="298943807" name="modules/locale/org-netbeans-modules-options-keymap_ru.jar"/>
        <file crc="427479509" name="modules/locale/org-netbeans-modules-options-keymap_zh_CN.jar"/>
        <file crc="1182317824" name="modules/org-netbeans-modules-options-keymap.jar"/>
    </module_version>
</module>
