<?xml version="1.0" encoding="UTF-8"?><module codename="org.netbeans.bootstrap/1">
    <module_version install_time="1416338504464" last="true" origin="installer" specification_version="2.69.3">
        <file crc="1520881895" name="lib/boot.jar"/>
        <file crc="1666444583" name="lib/locale/boot_ja.jar"/>
        <file crc="2360026864" name="lib/locale/boot_pt_BR.jar"/>
        <file crc="546723732" name="lib/locale/boot_ru.jar"/>
        <file crc="3733464856" name="lib/locale/boot_zh_CN.jar"/>
        <file crc="3693724922" name="lib/nbexec"/>
        <file crc="4015613704" name="lib/nbexec.dll"/>
        <file crc="3941304409" name="lib/nbexec.exe"/>
        <file crc="1398489688" name="lib/nbexec64.dll"/>
        <file crc="1697775532" name="lib/nbexec64.exe"/>
    </module_version>
</module>
