<?xml version="1.0" encoding="UTF-8"?><module codename="org.openide.actions">
    <module_version install_time="1416338774561" last="true" origin="installer" specification_version="6.35.1">
        <file crc="3556488737" name="config/Modules/org-openide-actions.xml"/>
        <file crc="4192259616" name="modules/locale/org-openide-actions_ja.jar"/>
        <file crc="1588853461" name="modules/locale/org-openide-actions_pt_BR.jar"/>
        <file crc="3402172808" name="modules/locale/org-openide-actions_ru.jar"/>
        <file crc="3654619950" name="modules/locale/org-openide-actions_zh_CN.jar"/>
        <file crc="1946193984" name="modules/org-openide-actions.jar"/>
    </module_version>
</module>
