<?xml version="1.0" encoding="UTF-8"?><module codename="org.openide.text">
    <module_version install_time="1416338673898" last="true" origin="installer" specification_version="6.62.2">
        <file crc="2441864466" name="config/ModuleAutoDeps/org-openide-text.xml"/>
        <file crc="1795978028" name="config/Modules/org-openide-text.xml"/>
        <file crc="3654244461" name="modules/locale/org-openide-text_ja.jar"/>
        <file crc="2228135191" name="modules/locale/org-openide-text_pt_BR.jar"/>
        <file crc="2718917061" name="modules/locale/org-openide-text_ru.jar"/>
        <file crc="688460138" name="modules/locale/org-openide-text_zh_CN.jar"/>
        <file crc="3430522963" name="modules/org-openide-text.jar"/>
    </module_version>
</module>
