<?xml version="1.0" encoding="UTF-8"?><module codename="org.netbeans.api.progress/1">
    <module_version install_time="1416338182874" last="true" origin="installer" specification_version="1.38.1">
        <file crc="1605883752" name="config/Modules/org-netbeans-api-progress.xml"/>
        <file crc="380612170" name="modules/locale/org-netbeans-api-progress_ja.jar"/>
        <file crc="2571878138" name="modules/locale/org-netbeans-api-progress_pt_BR.jar"/>
        <file crc="1520185496" name="modules/locale/org-netbeans-api-progress_ru.jar"/>
        <file crc="1987197680" name="modules/locale/org-netbeans-api-progress_zh_CN.jar"/>
        <file crc="1588528376" name="modules/org-netbeans-api-progress.jar"/>
    </module_version>
</module>
