<?xml version="1.0" encoding="UTF-8"?><module codename="org.netbeans.api.search">
    <module_version install_time="1416338801889" last="true" origin="installer" specification_version="1.17.1">
        <file crc="3710953649" name="config/Modules/org-netbeans-api-search.xml"/>
        <file crc="58146857" name="modules/locale/org-netbeans-api-search_ja.jar"/>
        <file crc="3098522023" name="modules/locale/org-netbeans-api-search_pt_BR.jar"/>
        <file crc="993707733" name="modules/locale/org-netbeans-api-search_ru.jar"/>
        <file crc="2605148608" name="modules/locale/org-netbeans-api-search_zh_CN.jar"/>
        <file crc="2437661507" name="modules/org-netbeans-api-search.jar"/>
    </module_version>
</module>
