<?xml version="1.0" encoding="UTF-8"?><module codename="org.netbeans.swing.tabcontrol">
    <module_version install_time="1416338757091" last="true" origin="installer" specification_version="1.51.1">
        <file crc="327432460" name="config/Modules/org-netbeans-swing-tabcontrol.xml"/>
        <file crc="1983871296" name="modules/locale/org-netbeans-swing-tabcontrol_ja.jar"/>
        <file crc="2936853874" name="modules/locale/org-netbeans-swing-tabcontrol_pt_BR.jar"/>
        <file crc="2424258288" name="modules/locale/org-netbeans-swing-tabcontrol_ru.jar"/>
        <file crc="3669976066" name="modules/locale/org-netbeans-swing-tabcontrol_zh_CN.jar"/>
        <file crc="1542943269" name="modules/org-netbeans-swing-tabcontrol.jar"/>
    </module_version>
</module>
