<?xml version="1.0" encoding="UTF-8"?><module codename="org.netbeans.spi.quicksearch">
    <module_version install_time="1416338750119" last="true" origin="installer" specification_version="1.23.1">
        <file crc="2420451830" name="config/Modules/org-netbeans-spi-quicksearch.xml"/>
        <file crc="3665257382" name="modules/locale/org-netbeans-spi-quicksearch_ja.jar"/>
        <file crc="2905534722" name="modules/locale/org-netbeans-spi-quicksearch_pt_BR.jar"/>
        <file crc="1055035778" name="modules/locale/org-netbeans-spi-quicksearch_ru.jar"/>
        <file crc="1792414571" name="modules/locale/org-netbeans-spi-quicksearch_zh_CN.jar"/>
        <file crc="2845624281" name="modules/org-netbeans-spi-quicksearch.jar"/>
    </module_version>
</module>
