<?xml version="1.0" encoding="UTF-8"?><module codename="com.cgg.jfreechart">
    <module_version install_time="1444058928530" last="true" origin="installer" specification_version="1.0">
        <file crc="3082352532" name="config/Modules/com-cgg-jfreechart.xml"/>
        <file crc="3567899763" name="modules/com-cgg-jfreechart.jar"/>
        <file crc="230039938" name="modules/ext/gnujaxp.jar"/>
        <file crc="97639625" name="modules/ext/iText-2.1.5.jar"/>
        <file crc="3866254164" name="modules/ext/jcommon-1.0.17.jar"/>
        <file crc="1407469459" name="modules/ext/jfreechart-1.0.14-experimental.jar"/>
        <file crc="3240505576" name="modules/ext/jfreechart-1.0.14-swt.jar"/>
        <file crc="3281100986" name="modules/ext/jfreechart-1.0.14.jar"/>
        <file crc="1501659744" name="modules/ext/junit.jar"/>
        <file crc="1002069919" name="modules/ext/servlet.jar"/>
        <file crc="3105024628" name="modules/ext/swtgraphics2d.jar"/>
    </module_version>
</module>
